epoch,accuracy,learning_rate,loss,val_accuracy,val_balanced_accuracy,val_loss,val_qwk
0,0.36794739961624146,0.0010000000474974513,1.456546664237976,0.1283292919397354,0.2,1.7786145210266113,0.0
1,0.4359639883041382,0.0010000000474974513,1.302111029624939,0.2929781973361969,0.2858490566037736,3.4792914390563965,0.09670217516106394
2,0.48251989483833313,0.0010000000474974513,1.1913708448410034,0.07990314811468124,0.2680642907058001,5.7980828285217285,0.02009963923724445
3,0.49826928973197937,0.0010000000474974513,1.1670961380004883,0.14891041815280914,0.31318794634487224,2.0619654655456543,0.055905193910751216
4,0.5058844089508057,0.0010000000474974513,1.1374300718307495,0.42251816391944885,0.243256464011181,1.4921549558639526,0.16559037857692993
5,0.524402916431427,0.0010000000474974513,1.1041728258132935,0.36077481508255005,0.46717543590530247,1.5276312828063965,0.33244725037381617
6,0.5443059802055359,0.0010000000474974513,1.0651549100875854,0.033898305147886276,0.2018867924528302,16.311431884765625,9.48496632837692e-05
7,0.5453444123268127,0.0010000000474974513,1.0585529804229736,0.47941887378692627,0.38820371222580147,1.4351770877838135,0.45671754490049077
8,0.5527864098548889,0.0010000000474974513,1.0405454635620117,0.4648910462856293,0.49294625965127575,1.2857879400253296,0.4841759145088368
9,0.5609207153320312,0.0010000000474974513,1.034626841545105,0.509685218334198,0.43204180941180476,1.1249967813491821,0.5475445816186557
10,0.5662859082221985,0.0010000000474974513,1.0242252349853516,0.5145278573036194,0.4805734519609347,1.0936387777328491,0.5751433600181683
11,0.5680165886878967,0.0010000000474974513,1.0082201957702637,0.3837772309780121,0.2883498662030646,1.5767937898635864,0.295943542371909
12,0.5747663378715515,0.0010000000474974513,0.996419370174408,0.4661017060279846,0.3645548908319272,1.2115857601165771,0.4925285481239804
13,0.5858428478240967,0.0010000000474974513,0.9839197397232056,0.5,0.5278956083123539,1.1518291234970093,0.5674013860663852
14,0.5960540175437927,0.0010000000474974513,0.9657641053199768,0.5750605463981628,0.5306070139872691,1.0316417217254639,0.6660595734680688
15,0.593977153301239,0.0010000000474974513,0.9676581621170044,0.5024213194847107,0.4590530244925091,1.2446603775024414,0.5128303332056683
16,0.5989962220191956,0.0010000000474974513,0.9572322368621826,0.45641645789146423,0.28052231937413713,1.4334951639175415,0.394368670608207
17,0.6047075390815735,0.0010000000474974513,0.933190643787384,0.5290557146072388,0.3616209581444686,1.1107438802719116,0.5839852738150023
18,0.6071304678916931,0.0010000000474974513,0.9323360919952393,0.4830508530139923,0.5593372364541256,1.2342932224273682,0.5239246278086029
19,0.6161301732063293,0.0005000000237487257,0.9031916856765747,0.5750605463981628,0.5550832308175098,0.9532262086868286,0.650377005499178
20,0.6211491823196411,0.0005000000237487257,0.8955503106117249,0.5423728823661804,0.45344881778451523,1.0886293649673462,0.6149543166138356
21,0.6190723180770874,0.0005000000237487257,0.8919804096221924,0.4806295335292816,0.38925268220495746,1.3479552268981934,0.44729631493597277
22,0.6277258396148682,0.0005000000237487257,0.8913432359695435,0.5883777141571045,0.5721097555962611,0.9868217706680298,0.6715553840216133
23,0.6320526003837585,0.0005000000237487257,0.8713455200195312,0.5423728823661804,0.543572207734656,1.0412507057189941,0.6082707161998844
24,0.6453790068626404,0.0002500000118743628,0.8514143824577332,0.6004842519760132,0.5643142668940563,0.9394256472587585,0.6894691535150645
25,0.6471097469329834,0.0002500000118743628,0.8438543677330017,0.6041162014007568,0.5522085267097585,0.9431143999099731,0.6869086530190951
26,0.6486673355102539,0.0002500000118743628,0.8445605635643005,0.5738498568534851,0.49358514127131653,1.0379514694213867,0.6623038165286385
27,0.6455520987510681,0.0002500000118743628,0.8380510210990906,0.5169491767883301,0.509771011232125,1.1550029516220093,0.5681566309567787
28,0.6488404273986816,0.0002500000118743628,0.8329770565032959,0.6077482104301453,0.5603522433670507,0.937076985836029,0.7044122001776725
29,0.6483212113380432,0.0002500000118743628,0.8330276012420654,0.5799031257629395,0.5097770017655782,1.0342586040496826,0.6466536017578242
30,0.655070960521698,0.0002500000118743628,0.8226608633995056,0.6174334287643433,0.6074118188462684,0.9303663969039917,0.7180104067587982
31,0.6510903239250183,0.0002500000118743628,0.8251663446426392,0.5883777141571045,0.5791019112558866,0.9708040356636047,0.6892496898430336
32,0.6521287560462952,0.0002500000118743628,0.8256056904792786,0.49878934025764465,0.40038296803611767,1.3531051874160767,0.5335401318340443
33,0.6614745855331421,0.0002500000118743628,0.8080823421478271,0.5811138153076172,0.5181011863762737,0.9935733079910278,0.6767508794371603
34,0.6613014936447144,0.0002500000118743628,0.8187732100486755,0.5024213194847107,0.5832147007189643,1.1688028573989868,0.5601969774155204
35,0.6619937419891357,0.0001250000059371814,0.7976115345954895,0.5835351347923279,0.5303466889644849,1.0040035247802734,0.6660404212923428
36,0.6649359464645386,0.0001250000059371814,0.7916373610496521,0.6113801598548889,0.5850965553680695,0.9265133142471313,0.7114017628660791
37,0.6623399257659912,0.0001250000059371814,0.7834333181381226,0.6186440587043762,0.6130541243444251,0.9272119998931885,0.7206189878711836
38,0.6659743785858154,0.0001250000059371814,0.7885535955429077,0.5980629324913025,0.5990824457819125,0.973777711391449,0.6857501044713749
39,0.6703011393547058,0.0001250000059371814,0.7818619012832642,0.5738498568534851,0.5254119431686363,1.011842131614685,0.6575848927819805
40,0.6715126633644104,0.0001250000059371814,0.7847880721092224,0.6234866976737976,0.6054482272532677,0.9152854681015015,0.7330279050395668
41,0.6661474704742432,0.0001250000059371814,0.7885355949401855,0.6186440587043762,0.5988010160345777,0.9433225989341736,0.7204825004456592
42,0.6741086840629578,0.0001250000059371814,0.7784392833709717,0.5726392269134521,0.5044330699503814,1.0203207731246948,0.6708055905464578
43,0.6722049117088318,0.0001250000059371814,0.7822752594947815,0.5944309830665588,0.561260247822604,0.9954313635826111,0.6916036609629924
44,0.6711664795875549,0.0001250000059371814,0.7756624817848206,0.6174334287643433,0.5832589404325417,0.9427461624145508,0.7234927234927235
45,0.6780893206596375,6.25000029685907e-05,0.7683724164962769,0.6210653781890869,0.5842604874439421,0.9343544244766235,0.7176788758892352
46,0.6779162287712097,6.25000029685907e-05,0.760643720626831,0.629539966583252,0.5874901870550336,0.9135433435440063,0.7342085123918289
47,0.6806853413581848,6.25000029685907e-05,0.7607991695404053,0.6162227392196655,0.5687400930613079,0.9336442947387695,0.7261253681110644
48,0.6808584332466125,6.25000029685907e-05,0.7652492523193359,0.6138014793395996,0.5860083446376454,0.9262076020240784,0.7183649635036496
49,0.6748009920120239,6.25000029685907e-05,0.7581970691680908,0.6041162014007568,0.5676296887830143,0.9527518153190613,0.7029006401014936
