epoch,binary_accuracy,learning_rate,loss,val_balanced_accuracy,val_binary_accuracy,val_loss,val_qwk
0,0.7053478956222534,0.0010000000474974513,0.5910441875457764,0.2,0.6964285969734192,0.5935951471328735,0.0
1,0.7536344528198242,0.0010000000474974513,0.5179564356803894,0.2045011715377975,0.6991525292396545,0.545452892780304,0.0067880098516249765
2,0.7712443470954895,0.0010000000474974513,0.48223423957824707,0.36780491815277017,0.763014554977417,0.5205422043800354,0.4485040438889203
3,0.7842679023742676,0.0010000000474974513,0.4580477774143219,0.2,0.6964285969734192,1.1890839338302612,0.0
4,0.7925752997398376,0.0010000000474974513,0.4358990490436554,0.3766632628405455,0.7796609997749329,0.4835151731967926,0.5132294531011306
5,0.8023537397384644,0.0010000000474974513,0.4207766652107239,0.2,0.3035714328289032,3.7533206939697266,0.0
6,0.8143388628959656,0.0010000000474974513,0.40247219800949097,0.36736254608199065,0.7857142686843872,0.42505988478660583,0.5093550392855124
7,0.8173676133155823,0.0010000000474974513,0.3899710774421692,0.34246430995571514,0.8174939751625061,0.3909022808074951,0.6145265722161677
8,0.8267566561698914,0.0010000000474974513,0.3761606216430664,0.4318738238251787,0.7996367812156677,0.4188372790813446,0.5736646568000487
9,0.8295690417289734,0.0010000000474974513,0.36672720313072205,0.2,0.7027844786643982,1.1281540393829346,0.044322498944702415
10,0.8375735282897949,0.0010000000474974513,0.3546372950077057,0.39142692000356927,0.819915235042572,0.3765576183795929,0.6078812511044354
11,0.8362322449684143,0.0010000000474974513,0.35208964347839355,0.21416315004807465,0.7463680505752563,0.5386534333229065,0.2844701544720615
12,0.8415541648864746,0.0010000000474974513,0.3429330587387085,0.34178241680677995,0.824455201625824,0.3654883801937103,0.5985840707964603
13,0.8473953008651733,0.0010000000474974513,0.33451348543167114,0.30858616392305244,0.8180992603302002,0.35207822918891907,0.585416262998127
14,0.8500778675079346,0.0010000000474974513,0.32717353105545044,0.3991821543261677,0.730629563331604,0.5429843664169312,0.4521583652618135
15,0.8501211404800415,0.0010000000474974513,0.32833725214004517,0.20294801921382147,0.7360774874687195,0.691474974155426,0.23731019522776575
16,0.8520681858062744,0.0010000000474974513,0.32290956377983093,0.22700835767144206,0.7569612860679626,0.5908881425857544,0.3367225999625725
17,0.8571737408638,0.0010000000474974513,0.3131427466869354,0.4514482051960734,0.8144673109054565,0.38760197162628174,0.574268436783207
18,0.860981285572052,0.0005000000237487257,0.3064182996749878,0.43973072176152767,0.8526028990745544,0.3081980049610138,0.7127996381727725
19,0.8624956607818604,0.0005000000237487257,0.30167990922927856,0.31204052107113744,0.8211259245872498,0.35605040192604065,0.5806024495200266
20,0.864788830280304,0.0005000000237487257,0.29862895607948303,0.46028341489482233,0.8202179074287415,0.36608561873435974,0.5871022366471459
21,0.865524411201477,0.0005000000237487257,0.2960425019264221,0.3766106514191298,0.8292978405952454,0.3377443253993988,0.6263201689816296
22,0.864615797996521,0.0005000000237487257,0.30053505301475525,0.5422719862603731,0.8526028990745544,0.3259466588497162,0.7149674620390456
23,0.8708030581474304,0.0002500000118743628,0.2877848744392395,0.3569254326468533,0.8277844786643982,0.33910173177719116,0.615514006598952
24,0.8719712495803833,0.0002500000118743628,0.28438737988471985,0.4503152925535915,0.8553268909454346,0.30605849623680115,0.7147738057576716
25,0.873139500617981,0.0002500000118743628,0.2832745909690857,0.5553084147193673,0.8580508232116699,0.3130965828895569,0.7252950991904085
26,0.8730529546737671,0.0002500000118743628,0.2841722369194031,0.37597838695738056,0.8365617394447327,0.33278629183769226,0.6558758314855876
27,0.8726635575294495,0.0002500000118743628,0.28187379240989685,0.4324464586673244,0.8368644118309021,0.3373357951641083,0.6601033120632026
28,0.8739182949066162,0.0002500000118743628,0.28215280175209045,0.3765756857531579,0.8441283106803894,0.31735721230506897,0.6792062568676879
29,0.8775095343589783,0.0001250000059371814,0.2740524709224701,0.4492613346407234,0.86077481508255,0.2956671118736267,0.7250854500368608
30,0.8763845562934875,0.0001250000059371814,0.27420756220817566,0.5194464496439266,0.8613801598548889,0.30286017060279846,0.7278347887054624
31,0.8766009211540222,0.0001250000059371814,0.27474308013916016,0.46483729811400964,0.8562348484992981,0.29630574584007263,0.7213820160728975
32,0.8790671229362488,0.0001250000059371814,0.27397799491882324,0.42921327502213236,0.8565375208854675,0.305498331785202,0.7086205764559124
33,0.8813170790672302,0.0001250000059371814,0.2708636224269867,0.5232684601170836,0.8647094368934631,0.2924240231513977,0.7428711596247011
34,0.8807113170623779,0.0001250000059371814,0.2724347710609436,0.5006130396117132,0.8622881174087524,0.29427245259284973,0.7354197208235069
35,0.8810141682624817,0.0001250000059371814,0.27179422974586487,0.4840074563342747,0.8577482104301453,0.29790350794792175,0.7277704360959034
36,0.8794565796852112,0.0001250000059371814,0.2700006365776062,0.44717011210067703,0.851089596748352,0.3141484260559082,0.7011206410818256
37,0.8796296119689941,0.0001250000059371814,0.26917344331741333,0.5540665194850247,0.8680387139320374,0.294374942779541,0.7444577780584855
